workload,scheduler,scheduler_config,status,cycles,instructions,ipc,wall_time,max_rss_kb
bfs,lrr,lrr,PASS,5286,45056,8.5236,0:15.90,541560
bfs,gto,gto,PASS,5288,45056,8.5204,0:11.32,541460
bfs,rrr,rrr,PASS,5296,45056,8.5076,0:11.17,541096
bfs,oldest,oldest,PASS,5287,45056,8.5220,0:11.35,541460
bfs,wl4,warp_limiting:2:4,PASS,5288,45056,8.5204,0:10.98,541340
bfs,wl8,warp_limiting:2:8,PASS,5288,45056,8.5204,0:11.60,541468
bfs,wl16,warp_limiting:2:16,PASS,5288,45056,8.5204,0:11.50,541336
nw,lrr,lrr,PASS,8897,8947,1.0056,0:09.46,509060
nw,gto,gto,PASS,8897,8947,1.0056,0:09.62,509076
nw,rrr,rrr,PASS,8896,8947,1.0057,0:09.69,509072
nw,oldest,oldest,PASS,8897,8947,1.0056,0:11.77,509072
nw,wl4,warp_limiting:2:4,PASS,8897,8947,1.0056,0:15.14,508944
nw,wl8,warp_limiting:2:8,PASS,8897,8947,1.0056,0:09.44,509076
nw,wl16,warp_limiting:2:16,PASS,8897,8947,1.0056,0:08.34,509076
nn,lrr,lrr,PASS,7555,1731427,229.1763,0:28.45,706320
nn,gto,gto,PASS,7634,1731427,226.8047,0:34.79,732112
nn,rrr,rrr,PASS,8158,1731427,212.2367,0:31.38,697504
nn,oldest,oldest,PASS,7401,1731427,233.9450,0:29.32,700644
nn,wl4,warp_limiting:2:4,PASS,7634,1731427,226.8047,0:31.82,731892
nn,wl8,warp_limiting:2:8,PASS,7634,1731427,226.8047,0:31.11,732088
nn,wl16,warp_limiting:2:16,PASS,7634,1731427,226.8047,0:32.31,731984
lud,lrr,lrr,PASS,21780,17025,0.7817,0:09.11,500968
lud,gto,gto,PASS,21780,17025,0.7817,0:09.15,501100
lud,rrr,rrr,PASS,21773,17025,0.7819,0:08.71,500964
lud,oldest,oldest,PASS,21780,17025,0.7817,0:07.45,501096
lud,wl4,warp_limiting:2:4,PASS,21780,17025,0.7817,0:09.07,500968
lud,wl8,warp_limiting:2:8,PASS,21780,17025,0.7817,0:09.08,500968
lud,wl16,warp_limiting:2:16,PASS,21780,17025,0.7817,0:07.86,501096
srad_v2,lrr,lrr,PASS,7022,1329984,189.4025,0:14.45,567000
srad_v2,gto,gto,PASS,7042,1329984,188.8645,0:15.26,566612
srad_v2,rrr,rrr,PASS,7151,1329984,185.9857,0:14.01,565672
srad_v2,oldest,oldest,PASS,7022,1329984,189.4025,0:15.66,566788
srad_v2,wl4,warp_limiting:2:4,PASS,7042,1329984,188.8645,0:13.94,567112
srad_v2,wl8,warp_limiting:2:8,PASS,7042,1329984,188.8645,0:15.74,566728
srad_v2,wl16,warp_limiting:2:16,PASS,7042,1329984,188.8645,0:14.88,566488
hotspot,lrr,lrr,PASS,7113,3519728,494.8303,0:31.66,581652
hotspot,gto,gto,PASS,7057,3519728,498.7570,0:29.32,582016
hotspot,rrr,rrr,PASS,7334,3519728,479.9193,0:28.45,580912
hotspot,oldest,oldest,PASS,7093,3519728,496.2256,0:31.16,581692
hotspot,wl4,warp_limiting:2:4,PASS,7057,3519728,498.7570,0:29.37,581800
hotspot,wl8,warp_limiting:2:8,PASS,7057,3519728,498.7570,0:29.92,581868
hotspot,wl16,warp_limiting:2:16,PASS,7057,3519728,498.7570,0:30.09,582016
backprop,lrr,lrr,PASS,7015,2818400,401.7676,0:14.40,619576
backprop,gto,gto,PASS,6582,2818400,428.1981,0:12.99,623552
backprop,rrr,rrr,PASS,7637,2818400,369.0454,0:12.24,624508
backprop,oldest,oldest,PASS,6596,2818400,427.2893,0:14.01,624720
backprop,wl4,warp_limiting:2:4,PASS,6843,2818400,411.8661,0:13.45,612972
backprop,wl8,warp_limiting:2:8,PASS,6582,2818400,428.1981,0:14.04,623488
backprop,wl16,warp_limiting:2:16,PASS,6582,2818400,428.1981,0:12.94,623420
heartwall,lrr,lrr,PASS,8264,6900708,835.0324,0:06.26,574848
heartwall,gto,gto,PASS,8212,6900708,840.3200,0:06.51,574848
heartwall,rrr,rrr,PASS,9230,6900708,747.6390,0:05.88,571904
heartwall,oldest,oldest,PASS,8180,6900708,843.6074,0:07.51,575104
heartwall,wl4,warp_limiting:2:4,PASS,8212,6900708,840.3200,0:05.96,574848
heartwall,wl8,warp_limiting:2:8,PASS,8212,6900708,840.3200,0:06.99,574848
heartwall,wl16,warp_limiting:2:16,PASS,8212,6900708,840.3200,0:06.54,574848
pathfinder,lrr,lrr,PASS,6953,217608,31.2970,0:02.46,500840
pathfinder,gto,gto,PASS,6939,217608,31.3601,0:02.54,500940
pathfinder,rrr,rrr,PASS,7031,217608,30.9498,0:02.55,500620
pathfinder,oldest,oldest,PASS,6927,217608,31.4145,0:02.51,500904
pathfinder,wl4,warp_limiting:2:4,PASS,6939,217608,31.3601,0:01.48,500712
pathfinder,wl8,warp_limiting:2:8,PASS,6939,217608,31.3601,0:02.48,500928
pathfinder,wl16,warp_limiting:2:16,PASS,6939,217608,31.3601,0:02.55,500944
streamcluster,lrr,lrr,PASS,8854,154794,17.4829,1:27.73,588144
streamcluster,gto,gto,PASS,8839,154794,17.5126,1:29.01,589204
streamcluster,rrr,rrr,PASS,9342,154794,16.5697,1:26.36,584428
streamcluster,oldest,oldest,PASS,8904,154794,17.3848,1:28.33,589452
streamcluster,wl4,warp_limiting:2:4,PASS,8839,154794,17.5126,1:30.24,589392
streamcluster,wl8,warp_limiting:2:8,PASS,8839,154794,17.5126,1:32.78,589332
streamcluster,wl16,warp_limiting:2:16,PASS,8839,154794,17.5126,1:28.86,589332
